{"type": "block", "layer": 1, "block": 0, "features": [{"geom": {"triangles": {"v": [-17.123930471235944, 28.511226655440616, 0.0, -32.51698503923842, 13.16543818898308, 0.0, -16.0034136237999, 26.127847172132036, 0.0, -13.789389129810642, 20.71852471694446, 0.0, -15.377822133081537, 25.689130152386717, 0.0, -13.678797401871511, 22.797138217318484, 0.0, -13.470388568032432, 21.5828191451948, 0.0, -13.25942480978552, 19.032274607773612, 0.0, -19.343064814040872, 0.23861565294325565, 0.0, -10.002626168198613, 15.577651819180085, 0.0, -6.730497980164701, 14.193795263136517, 0.0, 6.559123821787649, -3.6979753757282183, 0.0, -4.419021369476606, 14.869755263609333, 0.0, -5.265066337670982, 15.025605652487243, 0.0, -2.55794143296964, 15.092581170892624, 0.0, -3.0510418436817233, 15.168316430124866, 0.0, -4.3671929029176715, 15.400814551237813, 0.0, -3.3521579346050876, 15.77967334199958, 0.0, 3.5906666490849393, 17.062062900132, 0.0, 7.487656349434979, 17.98804050337149, 0.0, 5.3583093501053725, 18.06103834359533, 0.0, 15.14439981051422, -3.2619957749912967, 0.0, 14.624655188120428, -3.7578336047117715, 0.0, 12.346757583935307, 18.8461301152028, 0.0, 17.995330460456536, -2.174145461055425, 0.0, 17.612821777683585, -2.6201622648231258, 0.0, 22.245264718288873, 0.5307895084392008, 0.0, 26.673313706267386, 4.6599123407010685, 0.0, 13.54647708801422, 20.170858420665052, 0.0, 15.092571343955285, 22.473575290526288, 0.0, 32.694540557131354, 8.849440885748164, 0.0, 20.35060577527894, 27.762816298545626, 0.0, 20.77143832416941, 28.601561482717624, 0.0, 45.868825771530034, 13.094265294764831, 0.0, 49.99502869018294, 28.601561482717624, 0.0, 49.99502869018294, 13.051379063633322, 0.0, 45.67976136535027, 8.792867559574685, 0.0, 18.64282130324205, 26.839576114314536, 0.0, 15.803570307735548, 25.399146232097486, 0.0, 20.094748345294356, 27.686716050112267, 0.0, 18.968026681439287, 27.771576039372494, 0.0, 19.72318933855498, 28.415416990146817, 0.0, 32.705855222366054, 4.602061552323666, 0.0, 14.268790717029178, 21.850721218816314, 0.0, 18.709614327046875, -2.7732752346926435, 0.0, 10.264494191550089, 18.90033101156901, 0.0, 9.740734687943986, 19.207286929710282, 0.0, 11.35690687049995, 19.116587113232153, 0.0, -0.9852029653468708, 16.24868446543779, 0.0, -2.07798063349785, 16.097943925375546, 0.0, 1.384306928319179, 17.36080656124809, 0.0, -19.360219306493477, -7.208259017492428, 0.0, -19.301091055912163, -19.070043064666336, 0.0, -15.745731247809724, -22.521928434251468, 0.0, 6.3696944264067685, -14.638344184676626, 0.0, -11.204900596685363, -25.300956211573297, 0.0, -9.677420790001378, -25.999728037116068, 0.0, -7.719618715197818, -28.460850220263048, 0.0, -8.378789212419152, -28.096408502945494, 0.0, -12.729825478961509, -25.309168468598482, 0.0, -18.923327232753756, -20.471054113162506, 0.0, -16.665504034630185, -22.66920157690308, 0.0, -20.738053540718575, -13.618746851350052, 0.0, -22.68490593948856, -10.079264073496304, 0.0, -22.334881295615215, -8.349945238593385, 0.0, -22.796227645829926, -9.008203262811918, 0.0, -22.444013066749864, -12.082689798439766, 0.0, -21.682280604014025, -15.573994001745778, 0.0, -21.61877248301928, -17.80973535320163, 0.0, -20.697539739394337, -18.870941455455792, 0.0, -22.202025226407812, -15.913251464186102, 0.0, -9.130666966724766, 15.354460922695669, 0.0, -9.036134763634884, 15.979322435011795, 0.0, -10.423823706290204, 16.8980002542289, 0.0, -9.88144975342703, 16.111083536615837, 0.0], "f": [0, 1, 2, 3, 2, 1, 4, 2, 3, 4, 3, 5, 5, 3, 6, 3, 1, 7, 1, 8, 7, 8, 9, 7, 8, 10, 9, 10, 8, 11, 12, 10, 11, 13, 10, 12, 14, 12, 11, 15, 12, 14, 16, 12, 15, 17, 16, 15, 11, 18, 14, 19, 18, 11, 20, 18, 19, 11, 21, 19, 11, 22, 21, 21, 23, 19, 21, 24, 23, 24, 21, 25, 26, 23, 24, 27, 23, 26, 28, 23, 27, 27, 29, 28, 29, 27, 30, 30, 31, 29, 32, 31, 30, 32, 30, 33, 32, 33, 34, 33, 35, 34, 30, 36, 33, 37, 29, 31, 37, 38, 29, 37, 31, 39, 40, 37, 39, 41, 40, 39, 30, 27, 42, 29, 43, 28, 26, 24, 44, 45, 19, 23, 46, 19, 45, 47, 45, 23, 14, 18, 48, 48, 49, 14, 50, 48, 18, 11, 8, 51, 52, 11, 51, 53, 11, 52, 53, 54, 11, 54, 53, 55, 55, 56, 54, 54, 56, 57, 56, 58, 57, 53, 59, 55, 53, 52, 60, 60, 61, 53, 51, 62, 52, 51, 63, 62, 51, 64, 63, 65, 63, 64, 62, 63, 66, 52, 62, 67, 68, 52, 67, 68, 69, 52, 67, 70, 68, 10, 71, 9, 72, 71, 10, 73, 7, 9, 73, 9, 74]}, "centroids": [[6.177007463201667, 6.354580929655705, 0.0]]}, "mtl": {"face": 0}, "prop": ["1609", "Fresno", "California", "06", "019", "06019", "930450", "154.80000000000", "950067", "158.10000000000", "515145", "49523", "15649", "89357", "1405", "468070", "217085", "42286", "464811", "465639", "78980", "75040", "75409", "81306", "75290", "132729", "114369", "115052", "88854", "49499", "30304", "13618", "30.70000000000", "29.80000000000", "31.70000000000", "289391", "3.15000000000", "25309", "32003", "79406", "65116", "13201", "33947", "214445", "3.63000000000", "315531", "26140", "158691", "130700", "5683.00000000000", "303.00000000000", "1153351.00000000000", "875073.00000000000", "6011.15000000000", "7.86205911325", "1.55249607407"], "lh": 2.7374190083942382}], "featureCount": 1}